{"cameraMode":{"drawMode":0,"name":"Shaded","section":"Shading Mode"},"sceneLighting":true,"audioPlay":false,"sceneViewState":{"showFog":true,"showMaterialUpdate":true,"showSkybox":true,"showFlares":true,"showImageEffects":true,"showParticleSystems":true},"in2DMode":false,"pivot":{"x":-3.865459680557251,"y":-0.5531631112098694,"z":-0.6308518052101135},"rotation":{"x":-0.09605121612548828,"y":0.6707937717437744,"z":-0.08824999630451203,"w":-0.7300879955291748},"size":10.449999809265137,"orthographic":false}